prompt,response
"What is a hackathon, and how can I prepare for one?","A hackathon is a coding competition where you work on a project in a short time frame. To prepare, practice coding challenges, work on personal projects, and collaborate with others."
How can I get started with open source programs?,"Start by finding open source projects that interest you, contributing to their codebase, and getting involved in the community."
"What are competitive programming (CP) competitions, and how can I excel in them?","CP competitions involve solving algorithmic problems. To excel, practice regularly, study algorithms, and participate in online contests."
Can you recommend some good programming YouTube channels?,"Some popular programming YouTube channels include The Net Ninja, Traversy Media, and Corey Schafer."
What's the difference between Data Structures and Algorithms (DSA) and Competitive Programming (CP)?,"DSA focuses on understanding and implementing data structures and algorithms, while CP is about solving competitive coding problems efficiently."
"Which is better for a career, Competitive Programming (CP) or Software Development (Dev)?","It depends on your goals. CP is great for honing problem-solving skills, while Dev is about building real-world applications."
What's the best programming language to learn for beginners?,Python is often recommended for beginners due to its simplicity and versatility.
"How can I escape ""tutorial hell"" and start building projects?",Gradually reduce your reliance on tutorials and work on small projects to apply your knowledge.
What are some good project ideas for practicing programming?,"You can build a to-do list app, a personal website, a simple game, or a social media clone to practice your programming skills."
Where can I find repositories to contribute to in open source projects?,Websites like GitHub and GitLab have a plethora of open source projects where you can find issues to work on and make contributions.
What's the difference between CTC (Cost to Company) and in-hand salary?,"CTC is the total compensation package, while in-hand salary is what you actually receive after deductions."
"How can I prepare for interviews at FAANG (Facebook, Apple, Amazon, Netflix, Google) companies?","Prepare by mastering data structures, algorithms, and system design, and practice answering behavioral and technical interview questions."
"What is DevOps, and why is it important in software development?","DevOps is a set of practices that aim to automate and integrate the processes of software development and IT operations. It's important because it improves collaboration, shortens development cycles, and enhances the quality and reliability of software."
What are the core principles of DevOps?,"The core principles of DevOps include continuous integration, continuous delivery, automation, collaboration, and monitoring. These principles promote a culture of efficiency and innovation."
What are some popular DevOps tools and their use cases?,"Popular DevOps tools include Jenkins (for CI/CD), Docker (for containerization), Ansible (for configuration management), and Prometheus (for monitoring), among others."
How does DevOps improve collaboration between development and operations teams?,"DevOps encourages cross-functional teams and automation, reducing silos and enabling developers and operators to work together seamlessly to deliver software."
What is continuous integration and continuous delivery (CI/CD) in DevOps?,"CI/CD is a set of practices that involve continuously integrating code changes, running automated tests, and delivering those changes to production with minimal manual intervention. It aims to ensure a rapid and reliable software delivery process."
"What is competitive programming, and what are its goals?",Competitive programming is a sport of solving algorithmic and mathematical problems under time constraints. Its goals include improving problem-solving skills and algorithmic knowledge.
How can I get started with competitive programming as a beginner?,"Start by learning essential data structures and algorithms, practice on online platforms like Codeforces or LeetCode, and participate in contests to gain experience."
What are some common data structures and algorithms used in CP?,"Common data structures include arrays, linked lists, trees, graphs, and common algorithms include sorting, searching, dynamic programming, and more."
How do I prepare for competitive programming contests like ACM ICPC or Codeforces?,"Practice regularly, study the concepts, and solve a variety of problems on online platforms. Participate in contests and analyze your solutions."
What are some competitive programming platforms and their differences?,"Popular platforms include Codeforces, AtCoder, TopCoder, and LeetCode. They offer different types of contests and problems, so choose based on your preferences and skill level."
What is the importance of data structures and algorithms in computer science?,"DSA are fundamental for efficient problem-solving and are essential in various areas of computer science, from software development to CP."
"Can you explain the difference between arrays, linked lists, and trees?","Arrays are fixed-size collections, linked lists are dynamic collections, and trees are hierarchical data structures with nodes and branches."
How do you choose the right data structure for a specific problem?,"Consider the problem's requirements (e.g., search, insert, delete operations) and choose a data structure that best fits those needs."
What are some common searching and sorting algorithms?,"Common searching algorithms include binary search and linear search. Sorting algorithms include quicksort, mergesort, and bubble sort."
How can I improve my problem-solving skills in DSA?,"Practice regularly, solve a variety of problems, and analyze your solutions to understand the underlying concepts."
"What are coding challenges, and why are they important for software development?",Coding challenges are problem-solving exercises that test your coding skills. They are crucial for improving your ability to write efficient and bug-free code.
How do I approach solving coding challenges or interview questions?,"Break down the problem, plan your solution, write code incrementally, and test your solution with various test cases."
What are some coding best practices and coding standards?,"Best practices include writing clean and readable code, using meaningful variable names, and commenting for clarity. Coding standards can vary by language and organization."
"What is time complexity and space complexity in coding, and why do they matter?",Time complexity measures how the runtime of an algorithm grows with input size. Space complexity measures the memory usage. They are important for evaluating efficiency and scalability.
How can I effectively prepare for coding interviews?,"Study data structures, algorithms, and common interview questions. Practice on platforms like LeetCode and participate in mock interviews to gain confidence."
Difference between ctc and  in hand salary?,"CTC is the total salary package offered by the employer, whereas the in-hand salary is the amount that the employee actually takes home after deductions, such as taxes and other statutory deductions."
What is a HackCBS hackathon?,"A hackCBS hackathon can be best described as an “invention marathon”, or in simple words MLH (MAJOR LEAGUE)hackathons are about bringing your crazy ideas to reality. It’s an event where any tech-enthusiast, regardless of their individual field can come & participate to learn, build & share their creations over the course of a weekend, in a relaxed & productive environment. Hackathons are simply a venue for self-expression & creativity, where people come together & transform their thoughts into reality, through technology."
How big a team can be For hackCBS hackathon?,The minimum team size is two and the maximum team size is four.
Error 404 question,No need to write an email to us.You can free ask your customize questions here.
What to bring to the hackCBS hackathon?,"Please bring a valid university ID (or any student ID if in high school), a computer (preferably a laptop), chargers, and any hardware you will use for your hack. No firearms, weapons, alcohol, or illegal drugs are allowed on campus."
"I am a newbie, can I hack in hackathon?","Of course you can! We at hackCBS ensure that no one is left behind during the hacking, thanks to our mentors and volunteers who help us achieve the same. We make sure that you learn the best you can alongside having fun and experiencing what it feels to belong to a community."
